album,count
Dan Blacksberg - Radiant Others,2
Sudo Williams - Me You & Them,1
Taiwan Housing Project - Veblen Death Mask,1
The Low Budgets - Go For Broke,1
The Invasive Species - S/T,1
Swearin' - S/T,1
"Hothead - 7""",1
Church Girls - HIDALGO,1
"Writhing Squares Too - 7""",1
Hothead - Summer Single Series 2017,1
Neophobe - S/T,1
Pissgrave - Suicide Euphoria,1
Pure Hell - Noise Addiction,1
Chris Forsyth & The Solar Motel Band - Dreaming in the Non-Dream,1
Bardo Pond - Bardo Pond,1
Stinking Lizaveta - 7th Direction,1
Stepping Razor - No Mo Shakes,1
Sun Organ - Wooden Brain,1
Creepoid - Creepoid,1
Ex Friends - Rules for Making Up Words,1
Bad Canoes - Sisterhood is Powerful,1
