artist,count
orb,5
myrkur,4
Protomartyr,3
primitive man,3
oh sees,3
Exhumed,2
Dan Blacksberg,2
Dead Cross,2
OMNI,2
Headroom,2
Shilpa Ray,2
my neons dead,2
Maximo Park,2
Hothead,2
Washed Out,2
Red Martian,2
Com Truise,2
Chad VanGaalen,1
Antisocialites,1
Sudo Williams,1
Richard Walters,1
Melkbelly,1
Cut Copy,1
JD McPherson,1
Wild Cub,1
Jim-E Stack,1
Chassol,1
Dj Flugvel Og Geimskip,1
Writhing Squares Too,1
Duds,1
The Pineapples,1
marika hackman,1
Birds,1
Church Girls,1
Power Trip,1
Bully,1
Ghoul,1
Code Orange,1
Necrot,1
St. Vincent,1
Alvvays,1
Jack Cooper,1
Taiwan Housing Project,1
The National,1
Lee Ranaldo,1
Incantation,1
Brief Candles,1
Fujiya + Miyagi,1
Ariel Pink,1
L.A. Witch,1
Buffalo Killers,1
Emptyset,1
Cults,1
Pauline Anna Strom,1
Cobra Family Picnic,1
Moonchild,1
Khan Tengri,1
Good NightOwl,1
KMFDM,1
Haikus,1
Project Pablo,1
Dirty Fences,1
Au.Ra,1
Angelo De Augustine,1
Beliefs,1
Cymbals,1
Tracy Bryant,1
The Kickbacks,1
Grooms,1
A Giant Dog,1
Phono Pony,1
Otis the Destroyer,1
David Nance Band,1
Metz,1
Destroyer,1
Glazer,1
Everyone's Dirty,1
Kaitlyn Aurelia Smith,1
